{
  "urls": ["rupaul.mp3"],
  "sprite": {
    "A3": [0, 2972.154195011338],
    "Asharp3": [4000, 743.0385487528346],
    "B3": [6000, 2229.1156462585027],
    "C3": [10000, 5201.269841269841],
    "C4": [17000, 2972.1541950113383],
    "Csharp3": [21000, 2229.1156462585027],
    "Csharp4": [25000, 5944.308390022677],
    "D3": [32000, 2229.1156462585063],
    "D4": [36000, 1486.077097505671],
    "Dsharp3": [39000, 2229.1156462585063],
    "Dsharp4": [43000, 743.0385487528355],
    "E3": [45000, 1486.077097505671],
    "E4": [48000, 1486.077097505671],
    "F3": [51000, 1486.077097505671],
    "Fsharp3": [54000, 2229.1156462585063],
    "G3": [58000, 1486.077097505671],
    "Gsharp3": [61000, 1486.077097505671]
  }
}
