{
  "urls": ["ocarina.mp3"],
  "sprite": {
    "A3": [0, 195.37414965986395],
    "Asharp3": [2000, 183.33333333333312],
    "B3": [4000, 198.66213151927425],
    "C3": [6000, 172.2222222222225],
    "C4": [8000, 190.3628117913829],
    "Csharp3": [10000, 183.0158730158722],
    "Csharp4": [12000, 201.9501133786843],
    "D3": [14000, 188.5260770975048],
    "D4": [16000, 193.96825396825434],
    "Dsharp3": [18000, 203.85487528344726],
    "Dsharp4": [20000, 182.9251700680281],
    "E3": [22000, 210.61224489795904],
    "E4": [24000, 180.38548752834416],
    "F3": [26000, 200.13605442176896],
    "Fsharp3": [28000, 204.3990929705224],
    "G3": [30000, 205.39682539682502],
    "Gsharp3": [32000, 192.58503401360372]
  }
}
