{
  "urls": ["harp.mp3"],
  "sprite": {
    "A3": [0, 12151.768707482994],
    "Asharp3": [14000, 12141.70068027211],
    "B3": [28000, 7021.3378684807285],
    "C3": [37000, 10906.64399092971],
    "C4": [49000, 7013.015873015874],
    "Csharp3": [58000, 10908.888888888896],
    "Csharp4": [70000, 7000],
    "D3": [78000, 10893.67346938775],
    "D4": [90000, 6654.648526077097],
    "Dsharp3": [98000, 10879.977324263038],
    "Dsharp4": [110000, 6651.292517006808],
    "E3": [118000, 10858.526077097507],
    "E4": [130000, 6641.383219954661],
    "F3": [138000, 10847.2335600907],
    "Fsharp3": [150000, 10835.170068027197],
    "G3": [162000, 12151.904761904774],
    "Gsharp3": [176000, 12164.671201814059]
  }
}
