{
  "urls": ["xylophone.mp3"],
  "sprite": {
    "A3": [0, 898.2993197278911],
    "Asharp3": [2000, 820.4535147392291],
    "B3": [4000, 791.5873015873016],
    "C3": [6000, 1268.27664399093],
    "C4": [9000, 811.2244897959187],
    "Csharp3": [11000, 1346.417233560091],
    "Csharp4": [14000, 780.6349206349204],
    "D3": [16000, 1340.7256235827667],
    "D4": [19000, 784.0136054421762],
    "Dsharp3": [21000, 1418.8662131519259],
    "Dsharp4": [24000, 828.3673469387764],
    "E3": [26000, 1311.3605442176884],
    "E4": [29000, 781.3832199546482],
    "F3": [31000, 1234.0816326530585],
    "Fsharp3": [34000, 1279.7732426303837],
    "G3": [37000, 830.7936507936518],
    "Gsharp3": [39000, 862.6077097505699]
  }
}
