{
  "urls": ["mario.mp3"],
  "sprite": {
    "A3": [0, 433.78684807256235],
    "Asharp3": [2000, 489.25170068027234],
    "B3": [4000, 571.8367346938775],
    "C3": [6000, 653.9229024943314],
    "C4": [8000, 395.8276643990928],
    "Csharp3": [10000, 987.6643990929708],
    "Csharp4": [12000, 332.92517006802666],
    "D3": [14000, 337.86848072562316],
    "D4": [16000, 651.3832199546492],
    "Dsharp3": [18000, 1592.9251700680284],
    "Dsharp4": [21000, 474.8299319727885],
    "E3": [23000, 244.89795918367463],
    "E4": [25000, 826.2131519274369],
    "F3": [27000, 658.5487528344664],
    "Fsharp3": [29000, 660.1814058956918],
    "G3": [31000, 109.75056689342466],
    "Gsharp3": [33000, 822.3129251700669]
  }
}
