{
  "urls": ["banjo.mp3"],
  "sprite": {
    "A3": [0, 2340.3401360544217],
    "Asharp3": [4000, 2356.4172335600906],
    "B3": [8000, 2190.181405895691],
    "C3": [12000, 2238.2993197278915],
    "C4": [16000, 2223.197278911563],
    "Csharp3": [20000, 2314.376417233561],
    "Csharp4": [24000, 2355.4421768707493],
    "D3": [28000, 2359.50113378685],
    "D4": [32000, 2356.870748299322],
    "Dsharp3": [36000, 2354.943310657596],
    "Dsharp4": [40000, 2253.401360544217],
    "E3": [44000, 2276.848072562359],
    "E4": [48000, 2241.4512471655357],
    "F3": [52000, 2358.004535147394],
    "Fsharp3": [56000, 2355.1020408163267],
    "G3": [60000, 2357.48299319728],
    "Gsharp3": [64000, 2234.444444444449]
  }
}
