{
  "urls": ["farts.mp3"],
  "sprite": {
    "A3": [0, 1255.1927437641723],
    "Asharp3": [3000, 1780.9977324263039],
    "B3": [6000, 1825.8956916099773],
    "C3": [9000, 2000],
    "C4": [12000, 325.9410430838994],
    "Csharp3": [14000, 2000],
    "Csharp4": [17000, 768.4807256235829],
    "D3": [19000, 550.0226757369617],
    "D4": [21000, 322.44897959183663],
    "Dsharp3": [23000, 880.9070294784576],
    "Dsharp4": [25000, 2207.6870748299307],
    "E3": [29000, 1815.5102040816332],
    "E4": [32000, 2511.4512471655316],
    "F3": [36000, 1556.1904761904727],
    "Fsharp3": [39000, 297.43764172335574],
    "G3": [41000, 506.9160997732425],
    "Gsharp3": [43000, 393.33333333333087]
  }
}
